"","rec_yr","adams","citypop","trunc_rate","subst_rate","subst_count","trunc_count","ln_sr","ln_tr","comp_count","comp_rate_p100k"
"1",2017,0,8800000,56.1552595314653,6.15525953146532,268,2445,1.81730692470446,4.02812034610257,4354,49.4772727272727
"2",2018,0,8800000,57.9370249728556,7.66558089033659,353,2668,2.03674029423198,4.0593566443342,4605,52.3295454545455
"3",2019,0,8800000,61.5272878190496,10.1058310852874,487,2965,2.31311259243035,4.11948078077958,4819,54.7613636363636
"4",2020,0,8800000,50.7377049180328,15.4098360655738,564,1857,2.73500601109074,3.92666932094539,3660,41.5909090909091
"5",2021,0,8300000,46.9464453492014,19.1042906357657,610,1499,2.94991295044067,3.84900749137591,3193,38.4698795180723
"6",2022,1,8300000,45.2401495542134,19.4708081679609,677,1573,2.96891632689251,3.81198495703851,3477,41.8915662650602
"7",2023,1,8300000,64.2938822184105,7.2041166380789,252,2249,1.97465261792097,4.16346448236886,3498,42.144578313253
